ModelID,primary_disease_renamed,log2_fold_change
ACH-000001,Ovarian Cancer,-3.27890488545517
ACH-000002,AML,-10.6375786915202
ACH-000004,AML,-4.38078004853867
ACH-000005,AML,-4.19503619876481
ACH-000006,AML,-5.8425004523136
ACH-000007,Colon/Colorectal Cancer,-3.3958746292262
ACH-000008,Melanoma,-3.32596473778559
ACH-000011,Bladder Cancer,-4.08217403999353
ACH-000012,Lung Cancer,-3.08937617039242
ACH-000013,Ovarian Cancer,-7.01428225398574
ACH-000014,Melanoma,-2.16081364861919
ACH-000015,Lung Cancer,-2.37047591321227
ACH-000018,Bladder Cancer,-3.62511683027406
ACH-000019,Breast Cancer,-1.80684015313376
ACH-000021,Lung Cancer,-2.37430397675914
ACH-000022,Pancreatic Cancer,-3.1624386448192
ACH-000023,Pancreatic Cancer,-3.12719824980965
ACH-000026,Bladder Cancer,-2.66709557637361
ACH-000027,Glioma,-3.76183492538051
ACH-000030,Lung Cancer,-6.65462897510837
ACH-000035,Lung Cancer,-2.54421955173134
ACH-000036,Glioma,-7.11604992672991
ACH-000037,Sarcoma,-3.59201353309731
ACH-000039,Ewing Sarcoma,-5.97102737536766
ACH-000040,Glioma,-6.37442543065019
ACH-000041,Ewing Sarcoma,-4.71671677448273
ACH-000042,Pancreatic Cancer,-3.80843890959946
ACH-000046,Kidney Cancer,-3.81991369173777
ACH-000047,Gastric Cancer,-4.60209601515014
ACH-000048,Ovarian Cancer,-8.40663859541568
ACH-000051,Rhabdomyosarcoma,-6.15785861754157
ACH-000052,Ewing Sarcoma,-9.5894398638592
ACH-000053,Lymphoma,-5.00812892141487
ACH-000054,Sarcoma,-10.3203831795612
ACH-000056,Lymphoma,-6.44644917932699
ACH-000059,ALL,-4.42680911831465
ACH-000060,Pancreatic Cancer,-3.2688022816897
ACH-000061,Lymphoma,-4.41693189711315
ACH-000062,Lung Cancer,-7.9197548403683
ACH-000065,AML,-6.95118138268917
ACH-000066,Lung Cancer,-2.64597228712008
ACH-000067,Glioma,-5.05804539180272
ACH-000069,Lymphoma,-3.62622359998178
ACH-000070,ALL,-4.60656715631451
ACH-000072,CML,-1.99400190435655
ACH-000073,Lymphoma,-3.65425108142845
ACH-000074,CML,-10.3759900247709
ACH-000075,Glioma,-5.95717657230859
ACH-000076,CML,-3.89452920700463
ACH-000078,Neuroblastoma,-4.20643706708864
ACH-000080,AML,-6.57728173751394
ACH-000082,Bone Cancer,-2.68608431747709
ACH-000085,Pancreatic Cancer,
ACH-000086,Lung Cancer,-1.96835583109921
ACH-000087,Ewing Sarcoma,-6.79312852427772
ACH-000090,Prostate Cancer,-2.6311161182982
ACH-000091,Ovarian Cancer,-2.9187205431858
ACH-000092,Lung Cancer,-2.46422128013377
ACH-000093,Pancreatic Cancer,-2.89397111711412
ACH-000094,Pancreatic Cancer,-3.43759153360361
ACH-000096,Rhabdoid ATRT Cancer,-9.85003278885088
ACH-000097,Breast Cancer,-3.03693662352312
ACH-000098,Glioma,-6.94868190785844
ACH-000099,Neuroblastoma,-3.84478457805284
ACH-000101,ALL,-6.89834433116027
ACH-000102,Glioma,
ACH-000105,ALL,-2.80999262668916
ACH-000107,Pancreatic Cancer,-1.43779009019143
ACH-000108,Pancreatic Cancer,-2.92631724081223
ACH-000113,AML,-8.58005002732498
ACH-000114,Pancreatic Cancer,
ACH-000116,Ovarian Cancer,
ACH-000117,Breast Cancer,-3.13800583468838
ACH-000118,Pancreatic Cancer,-5.70590237402337
ACH-000120,Neuroblastoma,-4.18273162589008
ACH-000122,ALL,-4.7386339324592
ACH-000123,Ovarian Cancer,-5.42662841528225
ACH-000124,Lymphoma,-5.51369001957596
ACH-000129,Lung Cancer,-2.05592409786208
ACH-000132,Ovarian Cancer,-2.79423254279317
ACH-000137,Glioma,-2.50909098095398
ACH-000138,Pancreatic Cancer,-3.31783494936959
ACH-000139,Pancreatic Cancer,-4.23888952652559
ACH-000141,Gallbladder Cancer,-2.53357686397943
ACH-000142,Bladder Cancer,-4.83104233270472
ACH-000144,Gastric Cancer,-2.08051191469019
ACH-000145,Sarcoma,-5.3454545542077
ACH-000146,AML,-2.95051979878578
ACH-000147,Breast Cancer,-2.3683577210297
ACH-000149,Neuroblastoma,-7.93560018652493
ACH-000151,ALL,-5.65432746793886
ACH-000152,Glioma,-0.797318988267429
ACH-000153,Lung Cancer,-2.83318167515507
ACH-000155,Pancreatic Cancer,-1.93235566910374
ACH-000158,Lymphoma,-6.03967628116713
ACH-000159,Kidney Cancer,-1.50985509608849
ACH-000160,Rhabdoid ATRT Cancer,-3.99294322491817
ACH-000161,Lung Cancer,-2.39129375817867
ACH-000163,Head and Neck Cancer,-3.38235211064392
ACH-000164,Pancreatic Cancer,-4.84171678536796
ACH-000167,Myeloma,-5.13102660902727
ACH-000168,AML,-5.2170339356818
ACH-000169,Rhabdomyosarcoma,-4.66056151572102
ACH-000171,Kidney Cancer,-2.76389102126948
ACH-000172,Rhabdoid ATRT Cancer,-3.78511418601908
ACH-000174,Thyroid Cancer,-7.16155156491505
ACH-000176,Lung Cancer,-2.74535455890689
ACH-000178,Pancreatic Cancer,-0.753864609249356
ACH-000181,Head and Neck Cancer,-4.71872538942104
ACH-000182,Bile Duct Cancer,-3.14499842807217
ACH-000183,Myeloma,-3.50650772595249
ACH-000186,Lung Cancer,-5.14200393354543
ACH-000188,Head and Neck Cancer,-11.7613104652277
ACH-000189,Kidney Cancer,-2.74186857617877
ACH-000190,AML,-2.46482891112883
ACH-000191,Thyroid Cancer,-4.23108970565367
ACH-000192,Endometrial/Uterine Cancer,-0.826353363140434
ACH-000193,Myeloma,-7.68499976281739
ACH-000197,ALL,-1.45891460220889
ACH-000198,AML,3.27048163425423
ACH-000200,Glioma,
ACH-000201,Rhabdoid ATRT Cancer,-3.34140098654211
ACH-000202,Colon/Colorectal Cancer,-1.99333580539948
ACH-000204,Myeloma,-4.38200936049669
ACH-000205,Pancreatic Cancer,-2.45414919053459
ACH-000206,Lymphoma,-4.36831096435025
ACH-000207,Head and Neck Cancer,-3.35295559468769
ACH-000208,Glioma,-6.46859949414069
ACH-000209,Bile Duct Cancer,-2.70369558409339
ACH-000210,Ewing Sarcoma,-2.04479087336989
ACH-000212,Breast Cancer,-2.81023491558007
ACH-000213,Pancreatic Cancer,-6.98495177352706
ACH-000215,Glioma,-5.23503511718972
ACH-000217,Liver Cancer,-1.09575282221457
ACH-000218,AML,-4.05150374741581
ACH-000219,Melanoma,-2.85678961508898
ACH-000221,Liver Cancer,-4.70229883050845
ACH-000222,Pancreatic Cancer,-3.73794978243913
ACH-000223,Breast Cancer,-1.85454957649422
ACH-000227,Neuroblastoma,-6.40125549216042
ACH-000228,Head and Neck Cancer,-3.63633889685362
ACH-000231,Glioma,-3.02362663549186
ACH-000232,Glioma,-1.38555810179821
ACH-000233,Lymphoma,-7.0050822484171
ACH-000234,Kidney Cancer,
ACH-000235,Pancreatic Cancer,-1.62085666349077
ACH-000237,Ovarian Cancer,-3.84253753486759
ACH-000239,Gastric Cancer,-4.7319942617871
ACH-000242,Bladder Cancer,-6.19754044349671
ACH-000243,Pancreatic Cancer,-5.17999525153517
ACH-000244,Glioma,-3.59408659807108
ACH-000248,Breast Cancer,-5.79988347872089
ACH-000249,Colon/Colorectal Cancer,-4.292392072972
ACH-000250,Kidney Cancer,-2.75850542843663
ACH-000252,Colon/Colorectal Cancer,-3.26129953570787
ACH-000255,Gastric Cancer,-6.31695851713327
ACH-000256,Ovarian Cancer,-0.946311614798912
ACH-000257,Lung Cancer,-0.863366418355193
ACH-000258,Breast Cancer,-5.90551915223933
ACH-000259,Neuroblastoma,-8.85706855572463
ACH-000260,Neuroblastoma,-5.70983958328792
ACH-000261,Lung Cancer,-8.48605421749227
ACH-000264,Lung Cancer,-6.64544323497263
ACH-000265,Pancreatic Cancer,-5.69847515111447
ACH-000266,Pancreatic Cancer,-1.94505305903948
ACH-000268,Bile Duct Cancer,-3.33247190234778
ACH-000269,Glioma,-7.43836839529826
ACH-000270,Pancreatic Cancer,0.35596577434125
ACH-000273,Glioma,-10.6029233642066
ACH-000274,Melanoma,-0.334235074904216
ACH-000276,Breast Cancer,-3.20143250674825
ACH-000277,Breast Cancer,-0.174483530432893
ACH-000278,Ovarian Cancer,-3.22621605228973
ACH-000279,Ewing Sarcoma,-6.34090886761827
ACH-000280,Ovarian Cancer,-2.11655792306058
ACH-000281,Pancreatic Cancer,-2.57847773958363
ACH-000283,Glioma,-0.850157357051043
ACH-000285,Lymphoma,
ACH-000288,Breast Cancer,-4.89566150001508
ACH-000289,Glioma,-5.09167706783588
ACH-000291,Ovarian Cancer,
ACH-000292,Lung Cancer,-5.76532754232826
ACH-000293,Endometrial/Uterine Cancer,-1.13299628367934
ACH-000294,AML,-3.7615913098882
ACH-000295,CML,-2.59567689912698
ACH-000296,Colon/Colorectal Cancer,-2.46439997414679
ACH-000301,CML,-5.07356699283444
ACH-000302,Endometrial/Uterine Cancer,-2.07485352728478
ACH-000305,Esophageal Cancer,-4.39430587119816
ACH-000307,Pancreatic Cancer,-7.21148118004524
ACH-000308,Ovarian Cancer,-1.42649019484413
ACH-000309,Lung Cancer,-1.54205592943556
ACH-000311,Lung Cancer,-9.60919491084256
ACH-000312,Neuroblastoma,-2.97343086144662
ACH-000313,Kidney Cancer,-2.39987426393664
ACH-000314,Lung Cancer,-4.07397673635706
ACH-000315,Lymphoma,
ACH-000316,Liver Cancer,-9.45343787510587
ACH-000318,Esophageal Cancer,-3.3617679328405
ACH-000319,Lung Cancer,-1.16323624962302
ACH-000320,Pancreatic Cancer,-4.90241024883096
ACH-000322,Melanoma,-2.86866403366342
ACH-000323,Glioma,-2.77074225824178
ACH-000324,Ovarian Cancer,-2.38530069371923
ACH-000326,CML,-6.29782788545021
ACH-000329,Glioma,-2.92838072796615
ACH-000330,Breast Cancer,-8.19786639421376
ACH-000331,Lung Cancer,-3.61561962102682
ACH-000332,Pancreatic Cancer,-1.4147274001772
ACH-000335,Lung Cancer,-6.15787516459202
ACH-000336,AML,-7.33445823944602
ACH-000338,Lymphoma,-5.479932030894
ACH-000341,Neuroblastoma,-1.5931916237815
ACH-000343,Lung Cancer,-6.46768421592857
ACH-000344,Gastric Cancer,-2.15581640518913
ACH-000347,Pancreatic Cancer,-1.67369374287585
ACH-000348,Melanoma,-4.82826994677965
ACH-000350,Colon/Colorectal Cancer,-3.33714141126672
ACH-000351,Gastric Cancer,-3.54016967117433
ACH-000352,Breast Cancer,-2.46441718416651
ACH-000353,Esophageal Cancer,-2.92594590034989
ACH-000355,Lung Cancer,-4.42672832404339
ACH-000356,Gastric Cancer,-3.91362193449841
ACH-000357,Lymphoma,-4.86452236966771
ACH-000359,Bone Cancer,-1.86987124453585
ACH-000360,Colon/Colorectal Cancer,-3.60077705072988
ACH-000361,Liver Cancer,-4.85697080247
ACH-000362,AML,-5.93960236779061
ACH-000364,Bone Cancer,-2.96330923402596
ACH-000365,Lymphoma,-5.08741887618733
ACH-000366,Neuroblastoma,-4.02981846422606
ACH-000367,Lung Cancer,-2.45786394029736
ACH-000368,Glioma,-13.3760403155811
ACH-000371,Lymphoma,-5.12263197384739
ACH-000372,ALL,-7.21110939600528
ACH-000373,AML,-6.82583864145891
ACH-000374,Breast Cancer,-2.51658032474337
ACH-000375,Kidney Cancer,-2.46301866211935
ACH-000376,Glioma,-1.56297979025141
ACH-000377,Bile Duct Cancer,-6.62005136969328
ACH-000378,Lung Cancer,-4.72799590806036
ACH-000380,Myeloma,-3.6578553448175
ACH-000381,Colon/Colorectal Cancer,-2.59242101832936
ACH-000383,Esophageal Cancer,-1.67974095359404
ACH-000384,Bladder Cancer,-4.02392256531065
ACH-000387,AML,-6.68033641787835
ACH-000388,Lymphoma,-6.17074267113408
ACH-000389,Glioma,-7.08328163587927
ACH-000390,Lung Cancer,-4.2526492950033
ACH-000391,Ewing Sarcoma,-5.97518857963736
ACH-000393,Liver Cancer,-13.2789850864503
ACH-000395,Lung Cancer,-3.53859780462163
ACH-000396,Bladder Cancer,-2.88944672808579
ACH-000397,Endometrial/Uterine Cancer,-2.52590405711644
ACH-000398,Lymphoma,-5.5642832897928
ACH-000399,Lung Cancer,
ACH-000400,Colon/Colorectal Cancer,
ACH-000401,Melanoma,-3.60666027054787
ACH-000403,Colon/Colorectal Cancer,-1.62131854585363
ACH-000404,Melanoma,-5.46797730313745
ACH-000406,AML,-4.54728160400805
ACH-000407,Endometrial/Uterine Cancer,-4.46154378213262
ACH-000408,Esophageal Cancer,-2.50861265523237
ACH-000410,Bone Cancer,-3.49162462231763
ACH-000411,Kidney Cancer,-3.13238425875448
ACH-000414,Lung Cancer,-5.03701733742257
ACH-000415,Head and Neck Cancer,-7.90470191358575
ACH-000416,Lung Cancer,-4.0460924460896
ACH-000417,Pancreatic Cancer,-0.934339589822132
ACH-000418,Bone Cancer,-10.1489299574905
ACH-000419,Myeloma,-4.73485944807381
ACH-000420,Liver Cancer,-1.72962585282903
ACH-000421,Colon/Colorectal Cancer,-3.86896002316616
ACH-000423,Melanoma,-1.00322228072764
ACH-000424,Ewing Sarcoma,-5.17285610029238
ACH-000425,Melanoma,-4.64422123395544
ACH-000427,Gastric Cancer,-2.04265722154266
ACH-000428,Kidney Cancer,-2.34267010382174
ACH-000429,Kidney Cancer,-0.357558929438479
ACH-000430,Ovarian Cancer,-4.30039360911655
ACH-000431,Lung Cancer,-1.19196545038791
ACH-000432,CML,-5.13717754812179
ACH-000433,Kidney Cancer,-2.03805251576613
ACH-000434,Lung Cancer,-4.14943833676582
ACH-000435,Endometrial/Uterine Cancer,-4.1540744015528
ACH-000437,Glioma,-3.66327792851029
ACH-000441,Melanoma,-0.89762504533091
ACH-000443,Ovarian Cancer,-0.998988092517289
ACH-000444,Lung Cancer,-3.59146963872028
ACH-000445,Glioma,-8.97703210995087
ACH-000446,Neuroblastoma,
ACH-000447,Lung Cancer,-4.50259676549428
ACH-000449,Sarcoma,-5.32538258708459
ACH-000450,Melanoma,-4.30191597555085
ACH-000452,Esophageal Cancer,-2.61468684275058
ACH-000453,Myeloma,-5.36316785891817
ACH-000454,Lung Cancer,-4.08680468220881
ACH-000456,Thyroid Cancer,-3.99247837170753
ACH-000457,Kidney Cancer,-2.51156616575758
ACH-000458,Melanoma,-6.3968176767702
ACH-000461,Bile Duct Cancer,-4.13436115626212
ACH-000463,Lung Cancer,-5.12154807151435
ACH-000464,Glioma,-1.35843672286197
ACH-000466,Gastric Cancer,-2.87173476222071
ACH-000467,Colon/Colorectal Cancer,-11.0698182709105
ACH-000468,Pancreatic Cancer,-3.13793969366834
ACH-000469,Glioma,-5.34033971279324
ACH-000470,Colon/Colorectal Cancer,-2.30944109237015
ACH-000471,Liver Cancer,-10.985621406447
ACH-000472,Head and Neck Cancer,-2.4437981222178
ACH-000473,Bladder Cancer,-9.54602853782082
ACH-000475,Liver Cancer,-5.14427363603149
ACH-000476,Liver Cancer,-7.88103545461946
ACH-000477,Melanoma,-1.85428445892758
ACH-000479,Glioma,-1.85076200493026
ACH-000480,Liver Cancer,-1.36795564513153
ACH-000481,Lung Cancer,-4.72996784783316
ACH-000482,Lung Cancer,-5.33983198803949
ACH-000483,Liver Cancer,-3.7645216384574
ACH-000484,Kidney Cancer,-1.49308810174685
ACH-000485,Gastric Cancer,-8.48278573286854
ACH-000486,Bladder Cancer,-9.60865483579146
ACH-000488,Esophageal Cancer,-7.72247614922846
ACH-000489,Colon/Colorectal Cancer,0.212084178810879
ACH-000493,Liver Cancer,-5.35072779653242
ACH-000495,Kidney Cancer,-2.27084747509191
ACH-000496,Lung Cancer,-7.37822299197054
ACH-000499,Ewing Sarcoma,-7.8247492490473
ACH-000500,Head and Neck Cancer,-4.11869150600779
ACH-000502,Pancreatic Cancer,-2.75147272753626
ACH-000503,Head and Neck Cancer,-5.71365171233931
ACH-000504,Glioma,-4.51629091716342
ACH-000505,Sarcoma,-6.21658206206962
ACH-000507,Gastric Cancer,-3.94024880849065
ACH-000508,Lung Cancer,-3.97508995980665
ACH-000509,Lymphoma,-1.1506882742728
ACH-000510,Lung Cancer,-2.82008098490879
ACH-000511,Lung Cancer,-1.93296230378219
ACH-000514,Lung Cancer,-3.20488830829177
ACH-000515,Lung Cancer,-4.11728160865948
ACH-000516,Bone Cancer,-11.0999407928546
ACH-000517,Pancreatic Cancer,-1.93712144823369
ACH-000518,Head and Neck Cancer,-5.94180083861826
ACH-000521,Lung Cancer,-3.21012586668966
ACH-000524,Ovarian Cancer,-1.9492518645881
ACH-000525,Lung Cancer,-1.01790142109948
ACH-000527,Ovarian Cancer,-3.38843926454082
ACH-000528,Lung Cancer,-6.42624769813663
ACH-000530,Lung Cancer,
ACH-000532,Colon/Colorectal Cancer,-4.18919328499607
ACH-000533,Rhabdoid ATRT Cancer,-9.05920767002648
ACH-000534,Lymphoma,-5.77261230144774
ACH-000535,Pancreatic Cancer,-3.98366126873113
ACH-000537,Liver Cancer,-0.71174626981096
ACH-000541,Myeloma,-5.97618823708629
ACH-000542,Ovarian Cancer,-0.971034718186925
ACH-000543,Glioma,-5.48470703511445
ACH-000544,Esophageal Cancer,-4.5205794206619
ACH-000545,Bladder Cancer,-4.50886448612211
ACH-000547,Bladder Cancer,-2.44703318851715
ACH-000548,Head and Neck Cancer,-1.86008391882683
ACH-000549,Head and Neck Cancer,-3.8030009567721
ACH-000550,Melanoma,-6.97843111922619
ACH-000551,CML,-4.04821192150992
ACH-000552,Colon/Colorectal Cancer,-5.83701090560982
ACH-000553,Lung Cancer,-3.32515169099512
ACH-000555,Kidney Cancer,-3.06075607605855
ACH-000558,Glioma,-2.11054957602219
ACH-000560,Gastric Cancer,-1.30063982015523
ACH-000561,Esophageal Cancer,-6.98269548612635
ACH-000562,Lung Cancer,-2.10443277426591
ACH-000563,Lung Cancer,-4.53402918344172
ACH-000564,Myeloma,-3.93781907278101
ACH-000565,Colon/Colorectal Cancer,-3.15119778667162
ACH-000566,Bladder Cancer,-4.86598606493881
ACH-000569,Lung Cancer,-3.17696217439815
ACH-000570,Glioma,-3.05088631433647
ACH-000571,Glioma,-4.71887538478187
ACH-000572,Melanoma,-1.34912729574645
ACH-000573,Breast Cancer,-3.94809844940619
ACH-000576,Myeloma,-5.73815332802363
ACH-000579,Melanoma,-2.05327454691438
ACH-000580,Melanoma,-3.91977951474656
ACH-000582,Melanoma,-3.93619113761792
ACH-000583,Lymphoma,-5.71161255824728
ACH-000586,Lung Cancer,-3.37488279561571
ACH-000587,Lung Cancer,-2.83197525923096
ACH-000589,Lung Cancer,-3.52355943595173
ACH-000590,Lung Cancer,
ACH-000592,Glioma,-3.60203254645056
ACH-000593,Bladder Cancer,-3.24547635779334
ACH-000595,Glioma,-4.06172734353815
ACH-000597,Rhabdoid ATRT Cancer,-3.01962511885858
ACH-000598,Myeloma,-1.23081463401347
ACH-000599,Pancreatic Cancer,-2.25734354738966
ACH-000601,Pancreatic Cancer,-4.07325839548918
ACH-000603,Lung Cancer,-4.82891455145553
ACH-000604,CML,-3.54793497416553
ACH-000605,Esophageal Cancer,-4.91389105973741
ACH-000607,Rhabdoid ATRT Cancer,-6.27667151134693
ACH-000608,Ovarian Cancer,-2.0424822201352
ACH-000609,Glioma,-2.6124180545704
ACH-000613,Bone Cancer,-3.95090324001297
ACH-000614,Melanoma,-4.59098899812931
ACH-000615,Melanoma,0.0901004703158872
ACH-000616,Gastric Cancer,
ACH-000617,Ovarian Cancer,
ACH-000618,Head and Neck Cancer,-1.98236517751425
ACH-000619,Head and Neck Cancer,-4.83713955890108
ACH-000620,Liver Cancer,-3.13461896857759
ACH-000622,Glioma,-2.81814767339844
ACH-000623,Glioma,-2.00774810986969
ACH-000624,Breast Cancer,-5.97588926089635
ACH-000625,Liver Cancer,-2.08239463397803
ACH-000626,Myeloma,-4.96964456736394
ACH-000627,Lung Cancer,-6.04187776929657
ACH-000628,Lung Cancer,-1.8276631054061
ACH-000630,Head and Neck Cancer,-1.76635738330259
ACH-000631,Glioma,-4.28559316398241
ACH-000632,Melanoma,-3.11996864676827
ACH-000635,Ovarian Cancer,-5.11311406303643
ACH-000636,ALL,-6.98083396120536
ACH-000637,Esophageal Cancer,-2.50432465248302
ACH-000638,Lung Cancer,-1.53801451277127
ACH-000639,Lung Cancer,-4.79353645348296
ACH-000643,Breast Cancer,-2.45713968268722
ACH-000644,Melanoma,
ACH-000645,Lung Cancer,
ACH-000647,Esophageal Cancer,-4.17262031136722
ACH-000648,Lung Cancer,-3.32424083328666
ACH-000649,Kidney Cancer,-3.0951877804615
ACH-000650,Melanoma,-6.33841690342089
ACH-000651,Colon/Colorectal Cancer,-4.14179636302518
ACH-000652,Pancreatic Cancer,-1.92881781212903
ACH-000653,Myeloma,-4.28318727572898
ACH-000656,Lymphoma,-6.70101811857396
ACH-000657,Ovarian Cancer,-8.1248672900142
ACH-000658,Myeloma,-3.86640632686622
ACH-000659,Lung Cancer,-2.70280058976792
ACH-000661,Melanoma,-2.19146423674517
ACH-000662,Lung Cancer,-3.56846454700127
ACH-000663,Ovarian Cancer,-2.96580509813458
ACH-000664,Lymphoma,-5.41707484536835
ACH-000665,Lung Cancer,-5.68567988649747
ACH-000666,Lung Cancer,-2.63034648970275
ACH-000667,Lung Cancer,-4.78322799506001
ACH-000669,Lung Cancer,-4.51438138153559
ACH-000670,Lung Cancer,-5.64085970543595
ACH-000671,Liver Cancer,-1.0828047092252
ACH-000672,Lung Cancer,-3.16262406624402
ACH-000674,Gastric Cancer,-7.06330989950318
ACH-000676,Glioma,-5.00182643747998
ACH-000677,Lung Cancer,-2.82174737733284
ACH-000678,Gastric Cancer,-5.87344281740015
ACH-000679,Esophageal Cancer,-2.65059092522923
ACH-000680,Colon/Colorectal Cancer,-3.24945365509508
ACH-000681,Lung Cancer,-2.71163179655959
ACH-000682,Head and Neck Cancer,-2.70633409485203
ACH-000684,Kidney Cancer,-2.74843785151099
ACH-000685,Pancreatic Cancer,-4.79083511701548
ACH-000686,Liver Cancer,
ACH-000687,Lymphoma,
ACH-000688,Ovarian Cancer,-2.88236757224913
ACH-000692,Head and Neck Cancer,-3.96007395596656
ACH-000693,Esophageal Cancer,-2.77007699790105
ACH-000694,Esophageal Cancer,-11.7351635096448
ACH-000696,Ovarian Cancer,-4.2578003990349
ACH-000697,Lymphoma,-6.03674015315028
ACH-000698,Lung Cancer,-1.79233935350692
ACH-000699,Breast Cancer,-2.41371066434865
ACH-000701,Ovarian Cancer,-0.470273662239919
ACH-000703,Lung Cancer,1.2146698775342
ACH-000704,Ovarian Cancer,-4.59109531047295
ACH-000706,Lung Cancer,-3.22113916111556
ACH-000711,Breast Cancer,-2.99008274554716
ACH-000713,Ovarian Cancer,-4.27007891120192
ACH-000714,Myeloma,-4.94997030490363
ACH-000715,Head and Neck Cancer,-6.99077451887043
ACH-000716,Thyroid Cancer,-4.09756093468782
ACH-000717,Esophageal Cancer,-1.94916154959056
ACH-000719,Ovarian Cancer,-1.88887815920075
ACH-000720,Bladder Cancer,-4.79820281123224
ACH-000721,Breast Cancer,-8.52156876167063
ACH-000723,Head and Neck Cancer,-5.92559094085989
ACH-000724,Bladder Cancer,-4.21999930933359
ACH-000726,Esophageal Cancer,-10.8500469308803
ACH-000728,ALL,-1.90218709596857
ACH-000730,Melanoma,-5.43187334167955
ACH-000732,Head and Neck Cancer,-6.4465778102358
ACH-000733,Lung Cancer,0.405179756724815
ACH-000734,Liver Cancer,-3.02132577331419
ACH-000735,Head and Neck Cancer,-7.53244883989541
ACH-000736,Gastric Cancer,-6.85200403004444
ACH-000738,Glioma,-2.19786440503136
ACH-000739,Liver Cancer,-1.95430097817542
ACH-000740,Head and Neck Cancer,-1.64405684051306
ACH-000741,Bladder Cancer,-4.98692356212057
ACH-000744,Lung Cancer,-5.39874702624337
ACH-000746,Gastric Cancer,-2.48134775239155
ACH-000747,Lung Cancer,-8.50489418796409
ACH-000748,Bone Cancer,-5.4587749019545
ACH-000749,Lung Cancer,-4.08270779903025
ACH-000750,Melanoma,-2.82854573859787
ACH-000751,AML,-5.9259938628447
ACH-000752,Lung Cancer,0.166871207018042
ACH-000753,Bladder Cancer,-5.45509929263727
ACH-000756,Glioma,-6.74447980656456
ACH-000757,Lung Cancer,-5.03979896241676
ACH-000758,Gastric Cancer,-2.70876712461269
ACH-000759,Breast Cancer,-0.959524328748811
ACH-000760,Glioma,-4.20510623410751
ACH-000762,Head and Neck Cancer,-6.70675584081478
ACH-000763,Myeloma,-11.4905505174189
ACH-000764,Gastric Cancer,-13.9684653693304
ACH-000765,Melanoma,-3.39036389396281
ACH-000766,Lung Cancer,-13.5506082781228
ACH-000768,Breast Cancer,-2.65837007015379
ACH-000769,Lung Cancer,-7.69922252412903
ACH-000771,Head and Neck Cancer,-2.88114637536841
ACH-000774,Lung Cancer,-1.75587352808765
ACH-000775,Lung Cancer,-1.58682613002645
ACH-000777,Esophageal Cancer,-1.99904865220388
ACH-000778,Head and Neck Cancer,-3.27725178999704
ACH-000780,Lung Cancer,-4.91089605474336
ACH-000781,Lung Cancer,-3.35064646245066
ACH-000782,ALL,-3.8902944346944
ACH-000783,Breast Cancer,-3.83145470329418
ACH-000784,Esophageal Cancer,-3.4740416083962
ACH-000785,Lung Cancer,-3.57093079485369
ACH-000787,Lung Cancer,-4.07566094036054
ACH-000788,Melanoma,-9.65931736150668
ACH-000790,Lung Cancer,1.46210985644878
ACH-000791,Lung Cancer,-3.94628609353948
ACH-000792,Kidney Cancer,-2.56398142570652
ACH-000793,Gastric Cancer,-2.73762008239824
ACH-000794,Head and Neck Cancer,-6.81430482994254
ACH-000795,ALL,-3.82950503504293
ACH-000796,Ovarian Cancer,-4.29946521635325
ACH-000800,Lung Cancer,-9.2259556530255
ACH-000802,Bladder Cancer,-2.29780925138708
ACH-000803,Lung Cancer,-2.0107758053009
ACH-000804,Neuroblastoma,-8.69580311019245
ACH-000805,Melanoma,-3.10637250212351
ACH-000808,Bile Duct Cancer,-0.448713694751709
ACH-000809,Esophageal Cancer,-2.96063094118019
ACH-000810,Melanoma,-2.25744089436765
ACH-000811,Ovarian Cancer,-3.72834663804589
ACH-000812,Melanoma,-4.62805494032147
ACH-000813,Lung Cancer,-4.37680810542472
ACH-000814,Melanoma,-4.21381081170914
ACH-000815,Lymphoma,-4.64575459329366
ACH-000816,Lung Cancer,-5.77221795167432
ACH-000819,Glioma,-4.27733634354146
ACH-000822,Melanoma,-1.64531169326588
ACH-000823,Esophageal Cancer,-1.78077955156979
ACH-000824,Esophageal Cancer,-9.56576028485968
ACH-000826,Lung Cancer,-2.11805723348677
ACH-000827,Melanoma,-2.82807595766599
ACH-000831,Endometrial/Uterine Cancer,-4.1434800989216
ACH-000832,Head and Neck Cancer,-3.61953083619039
ACH-000833,Rhabdomyosarcoma,-3.36239498262771
ACH-000834,Bladder Cancer,-5.12430542127997
ACH-000835,Sarcoma,-2.78658855993206
ACH-000836,Head and Neck Cancer,-3.81705255892317
ACH-000837,Lung Cancer,-3.26568120704096
ACH-000838,Myeloma,-4.49180928256444
ACH-000839,Bladder Cancer,-9.73302086059062
ACH-000840,Lung Cancer,
ACH-000841,Lung Cancer,-5.70674469792231
ACH-000842,Colon/Colorectal Cancer,-1.75109640690906
ACH-000843,Lung Cancer,-4.2578458456403
ACH-000845,Lung Cancer,-1.93652198008143
ACH-000846,Head and Neck Cancer,-3.95467356021543
ACH-000847,Gastric Cancer,-3.99775252530679
ACH-000848,Liver Cancer,-5.55125910494007
ACH-000849,Breast Cancer,-6.19362956327636
ACH-000852,Lung Cancer,-1.45456885647329
ACH-000853,Lung Cancer,-1.74785371844263
ACH-000855,Esophageal Cancer,-3.188620163539
ACH-000856,Breast Cancer,-1.50604109825995
ACH-000858,Lung Cancer,-3.08727667844689
ACH-000859,Breast Cancer,-10.0959477900514
ACH-000860,Lung Cancer,-3.96536158185525
ACH-000862,Bladder Cancer,-3.44943366409882
ACH-000863,Glioma,-5.08748128376585
ACH-000865,Esophageal Cancer,-7.34031854768375
ACH-000866,Lung Cancer,-13.1385932053703
ACH-000867,Lung Cancer,-4.22413282899312
ACH-000868,Lung Cancer,-1.56790212591872
ACH-000869,Lung Cancer,-4.39056303260385
ACH-000870,Lung Cancer,-2.03491106290425
ACH-000872,Lung Cancer,-4.54164717769946
ACH-000873,Esophageal Cancer,-2.86686682570158
ACH-000875,Lung Cancer,-4.56734439175708
ACH-000877,Lymphoma,-3.73819616130981
ACH-000878,Lung Cancer,-3.28675155559531
ACH-000879,Endometrial/Uterine Cancer,-4.59482644940543
ACH-000880,Gastric Cancer,-2.10044038973978
ACH-000881,Melanoma,-3.70196272049163
ACH-000882,Melanoma,-3.48097222176335
ACH-000883,Glioma,-2.3853535516057
ACH-000884,Melanoma,-7.17253633971547
ACH-000885,Ovarian Cancer,-8.24070155505963
ACH-000886,Lung Cancer,-5.14269087865614
ACH-000888,Lung Cancer,-3.91247710697266
ACH-000890,Lung Cancer,-3.36258474296583
ACH-000891,Lung Cancer,-8.18722358571488
ACH-000892,Lung Cancer,-2.35702880093626
ACH-000893,Lung Cancer,-3.91137089138069
ACH-000895,Colon/Colorectal Cancer,-6.00433809878507
ACH-000896,Bladder Cancer,-2.91100304219974
ACH-000897,Thyroid Cancer,-7.94844255484484
ACH-000898,Gastric Cancer,-3.92123942279539
ACH-000899,Melanoma,-4.18137889469749
ACH-000900,Lung Cancer,-5.81663133279104
ACH-000901,Lung Cancer,-5.32245000977157
ACH-000902,Breast Cancer,-0.0903335798421665
ACH-000903,Thyroid Cancer,-1.87939411425886
ACH-000905,Bladder Cancer,-9.27567758750858
ACH-000906,Ovarian Cancer,-6.44190707937864
ACH-000909,Endometrial/Uterine Cancer,-6.36350556632901
ACH-000910,Breast Cancer,-7.11477502623365
ACH-000911,Gastric Cancer,-4.08309381771297
ACH-000913,Endometrial/Uterine Cancer,-13.2495735588375
ACH-000914,Lymphoma,-5.13265210397963
ACH-000915,Melanoma,-2.27208966802012
ACH-000916,Lung Cancer,-5.40373779464267
ACH-000917,Esophageal Cancer,-13.6018703217295
ACH-000918,ALL,-7.68711381181578
ACH-000919,Gastric Cancer,-5.14801104494404
ACH-000920,CML,-2.59046032742862
ACH-000921,Lung Cancer,-5.01253680465085
ACH-000922,ALL,-6.3442793782202
ACH-000924,Lung Cancer,-2.58754357923311
ACH-000925,Lung Cancer,-3.59993253315308
ACH-000926,Colon/Colorectal Cancer,-3.06244667200952
ACH-000927,Breast Cancer,0.710740458691596
ACH-000929,Lung Cancer,-4.4739144643357
ACH-000932,Gastric Cancer,-0.822137547054724
ACH-000934,Breast Cancer,-1.80390945923354
ACH-000935,Colon/Colorectal Cancer,-5.17914169317391
ACH-000936,Ovarian Cancer,-1.94943030645642
ACH-000937,ALL,-3.48323093966071
ACH-000938,ALL,-5.45035994956863
ACH-000939,Sarcoma,-6.36556128946443
ACH-000940,Endometrial/Uterine Cancer,-4.97915394208563
ACH-000941,Endometrial/Uterine Cancer,-2.09106270495572
ACH-000942,ALL,-3.44837524940854
ACH-000943,Colon/Colorectal Cancer,-2.29800474112569
ACH-000945,Lung Cancer,-2.98567351487359
ACH-000946,Endometrial/Uterine Cancer,-3.09619811525978
ACH-000947,Ovarian Cancer,-2.78887598473843
ACH-000948,Gastric Cancer,-8.05418624633188
ACH-000950,Colon/Colorectal Cancer,-3.48406160491861
ACH-000952,Prostate Cancer,-5.30796051293152
ACH-000954,Endometrial/Uterine Cancer,-4.13457989182741
ACH-000955,Colon/Colorectal Cancer,-4.19159588406111
ACH-000956,Prostate Cancer,-2.05926499299403
ACH-000957,Colon/Colorectal Cancer,-2.43395060929512
ACH-000958,Colon/Colorectal Cancer,-9.18551157734749
ACH-000959,Colon/Colorectal Cancer,-7.66307040690812
ACH-000961,Endometrial/Uterine Cancer,-8.8361837098265
ACH-000962,Ovarian Cancer,-6.85403543385206
ACH-000963,Colon/Colorectal Cancer,-4.16023910385277
ACH-000964,ALL,-5.09654633093346
ACH-000965,Endometrial/Uterine Cancer,-6.2460453644627
ACH-000966,Ovarian Cancer,-3.17756037787285
ACH-000967,Colon/Colorectal Cancer,-2.04876129634812
ACH-000968,Melanoma,-4.69767133328074
ACH-000970,Colon/Colorectal Cancer,
ACH-000971,Colon/Colorectal Cancer,-2.85820552346413
ACH-000972,Endometrial/Uterine Cancer,-3.50762226989359
ACH-000973,Bladder Cancer,-4.71313568479226
ACH-000974,Endometrial/Uterine Cancer,-5.53909453725775
ACH-000976,Bile Duct Cancer,-2.3375532793329
ACH-000977,Prostate Cancer,-2.30716747526637
ACH-000978,Endometrial/Uterine Cancer,-2.02839784976209
ACH-000979,Prostate Cancer,-4.2013792410277
ACH-000981,ALL,2.14794385729478
ACH-000982,Colon/Colorectal Cancer,-5.00854113819653
ACH-000983,CML,-4.49212901243615
ACH-000984,Endometrial/Uterine Cancer,-2.25013707853187
ACH-000985,Colon/Colorectal Cancer,-5.10564471034407
ACH-000986,Colon/Colorectal Cancer,-8.92365319461355
ACH-000987,Melanoma,-3.26399621296514
ACH-000988,Endometrial/Uterine Cancer,-5.62132901157024
ACH-000990,Endometrial/Uterine Cancer,-2.93636223746151
ACH-000991,Colon/Colorectal Cancer,-3.89688404433004
ACH-000992,Head and Neck Cancer,-2.76047644623978
ACH-000993,Endometrial/Uterine Cancer,-6.15319955029996
ACH-000994,Endometrial/Uterine Cancer,-2.35374406203317
ACH-000995,ALL,-5.3301794160173
ACH-000996,Endometrial/Uterine Cancer,-5.35817458487148
ACH-000997,Colon/Colorectal Cancer,-1.94396463923795
ACH-000998,Colon/Colorectal Cancer,-0.313351763694806
ACH-001001,Bone Cancer,-4.36988235113401
ACH-001007,Ewing Sarcoma,
ACH-001008,Ewing Sarcoma,
ACH-001009,Ewing Sarcoma,
ACH-001010,Ewing Sarcoma,
ACH-001016,Glioma,-7.12030937107334
ACH-001020,Rhabdoid ATRT Cancer,-3.96411161586997
ACH-001022,Ewing Sarcoma,-6.38600770189318
ACH-001024,Melanoma,-7.26368004043323
ACH-001028,Rhabdoid ATRT Cancer,-3.94348642063308
ACH-001029,Ewing Sarcoma,-2.94857971159461
ACH-001033,Ewing Sarcoma,-1.18124490203932
ACH-001038,Ewing Sarcoma,-2.95349601423774
ACH-001050,Rhabdomyosarcoma,-3.6752074557448
ACH-001059,Rhabdoid ATRT Cancer,-7.37413540078007
ACH-001075,Lung Cancer,-2.82781800574248
ACH-001096,Rhabdomyosarcoma,-7.75997713325622
ACH-001099,Rhabdoid ATRT Cancer,-3.38508475058551
ACH-001106,ALL,-6.80605192045785
ACH-001111,Lymphoma,-3.77218610321776
ACH-001113,Lung Cancer,-11.3421481181632
ACH-001128,Rhabdoid ATRT Cancer,-5.1760173730478
ACH-001129,AML,0.910154219983069
ACH-001145,Ovarian Cancer,-7.87987572041062
ACH-001148,Lymphoma,-2.04919184908064
ACH-001163,Kidney Cancer,-4.49752885178003
ACH-001164,Sarcoma,-4.77723886886959
ACH-001184,Rhabdomyosarcoma,-4.4240825490184
ACH-001190,Melanoma,-4.76855652813459
ACH-001192,Ewing Sarcoma,-2.03840947695027
ACH-001193,Ewing Sarcoma,-4.60046460442008
ACH-001196,Rhabdomyosarcoma,-4.0544557540868
ACH-001200,Rhabdoid ATRT Cancer,-0.0888012735589667
ACH-001205,Ewing Sarcoma,-6.68915842709198
ACH-001210,Rhabdoid ATRT Cancer,-5.39806054102628
ACH-001211,Rhabdoid ATRT Cancer,-3.27829687363436
ACH-001212,Rhabdoid ATRT Cancer,-5.52033360632453
ACH-001239,Melanoma,-1.68812615758251
ACH-001283,Ewing Sarcoma,-5.9277185778636
ACH-001289,Rhabdoid ATRT Cancer,-0.604989933916451
ACH-001300,Neuroblastoma,-4.64646138838825
ACH-001301,Neuroblastoma,-4.92853396637255
ACH-001306,Thyroid Cancer,-3.49024723252655
ACH-001307,Thyroid Cancer,-3.63983416578318
ACH-001318,Liver Cancer,-4.35186430549631
ACH-001321,Thyroid Cancer,-2.04067122965831
ACH-001329,Glioma,-4.09604250823577
ACH-001332,Head and Neck Cancer,-5.98355087341044
ACH-001333,Cervical Cancer,-5.0161592723453
ACH-001334,Cervical Cancer,-5.97862336827513
ACH-001336,Cervical Cancer,-1.16122776264145
ACH-001341,Cervical Cancer,-5.71250524296975
ACH-001344,Neuroblastoma,-1.99260378473166
ACH-001345,Colon/Colorectal Cancer,-5.81404569044593
ACH-001346,Head and Neck Cancer,-6.81962481576393
ACH-001347,Head and Neck Cancer,-3.28359354187005
ACH-001353,Pancreatic Cancer,0.208743743173557
ACH-001356,Thyroid Cancer,-4.53746306859524
ACH-001360,Cervical Cancer,-5.96266646070042
ACH-001368,Esophageal Cancer,-4.8001561297498
ACH-001369,Ovarian Cancer,-3.97061468757787
ACH-001370,Ovarian Cancer,-5.14453301360298
ACH-001373,Ovarian Cancer,-1.1745925011238
ACH-001374,Ovarian Cancer,-1.15103408666572
ACH-001375,Pancreatic Cancer,-6.40553879300102
ACH-001377,Pancreatic Cancer,-2.88843438448355
ACH-001379,Pancreatic Cancer,-2.74298671735903
ACH-001384,Thyroid Cancer,-3.04140302978102
ACH-001390,Breast Cancer,-5.89889977792393
ACH-001391,Breast Cancer,-7.71958054947586
ACH-001398,Kidney Cancer,-2.41703990832258
ACH-001399,Colon/Colorectal Cancer,-3.22633750685097
ACH-001400,Cervical Cancer,-9.67581461312559
ACH-001402,Cervical Cancer,-3.26414409834319
ACH-001407,Bladder Cancer,-5.32318834280432
ACH-001411,Bladder Cancer,-6.06964915164299
ACH-001412,Bladder Cancer,-4.53459102668544
ACH-001413,Bladder Cancer,-1.27336785847164
ACH-001414,Bladder Cancer,-7.78523511042744
ACH-001415,Bladder Cancer,-0.227264856248773
ACH-001431,Ewing Sarcoma,-3.374269439832
ACH-001450,Lymphoma,-3.00259060111774
ACH-001451,Cervical Cancer,-3.14045756602046
ACH-001458,Colon/Colorectal Cancer,-5.20482126149133
ACH-001459,Colon/Colorectal Cancer,-6.50811802106663
ACH-001494,Bile Duct Cancer,-5.11985210015804
ACH-001495,Endometrial/Uterine Cancer,-2.7984277372661
ACH-001500,Esophageal Cancer,-4.52698559515153
ACH-001509,Head and Neck Cancer,-11.0608839074465
ACH-001510,Head and Neck Cancer,-3.76166141996548
ACH-001511,Head and Neck Cancer,-0.979720383829699
ACH-001513,Cervical Cancer,-3.0816875348349
ACH-001516,Cervical Cancer,-1.18310265005798
ACH-001517,Endometrial/Uterine Cancer,-1.37873128820267
ACH-001518,Endometrial/Uterine Cancer,-2.83555766754947
ACH-001525,Cervical Cancer,-1.45545048307031
ACH-001526,Bone Cancer,-1.55652187740435
ACH-001528,Thyroid Cancer,-6.83175545539608
ACH-001529,Endometrial/Uterine Cancer,-7.67566942541125
ACH-001530,Endometrial/Uterine Cancer,-7.51124332065493
ACH-001532,Rhabdoid ATRT Cancer,-3.49299520761215
ACH-001533,Lymphoma,-4.33959192738566
ACH-001536,Bile Duct Cancer,-4.37264080733992
ACH-001537,Bile Duct Cancer,-7.71777094353361
ACH-001538,Bile Duct Cancer,0.986432134027106
ACH-001542,Head and Neck Cancer,-4.63259699784966
ACH-001543,Head and Neck Cancer,-7.14183537239681
ACH-001548,Neuroblastoma,-7.67689376369555
ACH-001550,Melanoma,-5.82755145754242
ACH-001551,Melanoma,-2.17598347263195
ACH-001552,Melanoma,-2.23853557492347
ACH-001563,Melanoma,-3.59823877909263
ACH-001574,AML,-5.03269827911847
ACH-001607,Gallbladder Cancer,-6.60249875769452
ACH-001608,Glioma,-4.98781181443676
ACH-001609,Glioma,-2.04842910649205
ACH-001610,Glioma,-5.00565374749024
ACH-001616,Lymphoma,-4.00633113942376
ACH-001619,Gallbladder Cancer,-8.34877051835642
ACH-001624,Glioma,-1.3342335605119
ACH-001626,Head and Neck Cancer,-4.95988417396126
ACH-001628,Ovarian Cancer,-2.04075123373718
ACH-001638,Lymphoma,-3.4458327763993
ACH-001642,Lymphoma,-3.11120789746516
ACH-001649,Prostate Cancer,-2.4685073269084
ACH-001650,Cervical Cancer,-10.8750011237317
ACH-001651,Cervical Cancer,-3.5236777181885
ACH-001652,Cervical Cancer,-1.87004707059065
ACH-001653,Gastric Cancer,-8.83443869554995
ACH-001654,Esophageal Cancer,-0.797984125783985
ACH-001655,Endometrial/Uterine Cancer,-2.19084099560611
ACH-001656,AML,-5.40661459663957
ACH-001662,Breast Cancer,-5.93480842786435
ACH-001664,Gastric Cancer,-5.22637705440293
ACH-001669,ALL,-2.40739738638694
ACH-001673,Bile Duct Cancer,-4.72733579090143
ACH-001674,Neuroblastoma,-6.57915414173644
ACH-001677,Lymphoma,-3.77850529943361
ACH-001679,Lymphoma,-4.67499029579986
ACH-001687,Kidney Cancer,-2.33768424462554
ACH-001688,Kidney Cancer,-2.79977419655411
ACH-001693,Head and Neck Cancer,-5.89486335360728
ACH-001696,Head and Neck Cancer,-2.40780679326153
ACH-001698,Head and Neck Cancer,-2.42541576121328
ACH-001702,Sarcoma,-1.89748961519527
ACH-001703,Lymphoma,-4.0632471586982
ACH-001715,Bone Cancer,-3.63788240643171
ACH-001719,Ovarian Cancer,-3.08789515057478
ACH-001740,Rhabdomyosarcoma,-1.79715812319228
ACH-001745,Rhabdomyosarcoma,-0.200066036450716
ACH-001750,Rhabdomyosarcoma,-2.63035691987508
ACH-001751,Rhabdomyosarcoma,1.40918451379083
ACH-001765,Rhabdomyosarcoma,-2.50982870928258
ACH-001786,Colon/Colorectal Cancer,-4.48782593851487
ACH-001834,Bile Duct Cancer,-4.02066149718873
ACH-001838,Bile Duct Cancer,-4.57878565182622
ACH-001839,Bile Duct Cancer,-1.59802832885631
ACH-001841,Bile Duct Cancer,-6.93068369436909
ACH-001844,Bile Duct Cancer,-2.2134899969586
ACH-001848,Bile Duct Cancer,-0.740835139777803
ACH-001849,Bile Duct Cancer,-4.93932110876278
ACH-001850,Gallbladder Cancer,-3.38770511756203
ACH-001852,Bile Duct Cancer,0.236153545940347
ACH-001853,Bile Duct Cancer,-4.52158346134797
ACH-001855,Bile Duct Cancer,-3.30887889274078
ACH-001856,Bile Duct Cancer,0.97612610429197
ACH-001857,Bile Duct Cancer,-4.78073209865898
ACH-001858,Bile Duct Cancer,-2.59594190242363
ACH-001861,Gallbladder Cancer,-5.40265361752437
ACH-001862,Bile Duct Cancer,-2.00180482001885
ACH-001864,Bile Duct Cancer,-2.56236554418922
ACH-001959,Bile Duct Cancer,-6.94887898801863
ACH-001960,Bile Duct Cancer,-7.79436273391542
ACH-001961,Gallbladder Cancer,-5.11045490854974
ACH-001991,Ovarian Cancer,-1.20445522016922
ACH-001997,Bile Duct Cancer,-2.77587275202272
ACH-001999,Pancreatic Cancer,-1.26583373659398
ACH-002023,Colon/Colorectal Cancer,-5.59893471340995
ACH-002025,Colon/Colorectal Cancer,-1.99959723893912
ACH-002038,Ovarian Cancer,-2.65246280740041
ACH-002039,Pancreatic Cancer,-1.53005495092927
ACH-002041,Thyroid Cancer,-4.25428229244635
ACH-002042,Head and Neck Cancer,-3.47979959297699
ACH-002046,Endometrial/Uterine Cancer,-2.71878357082356
ACH-002048,Rhabdomyosarcoma,-6.51247870906189
